genre,artist,title,mix,label,chart_source,youtube_url,yt_title,yt_channel,duration,why,notes,release,year
Minimal / Deep Tech,"The Base Boys, Local Dub",Can You Feel The Bass,Local Dub Remix,You&Me Records,Beatport Minimal / Deep Tech Top 100 #1 (2026-10-04),https://www.youtube.com/watch?v=M0MhKsAtPrQ,Can You Feel The Bass (Local Dub Remix),The Base Boys - Topic,6:26,"#1 on Beatport's Minimal / Deep Tech Top 100 (4 Oct 2026), You&Me Records, Sept 2026. Local Dub reworks The Base Boys' Can You Feel The Bass into a bass-heavy deep-tech roller — the genre's current number one.",,Can You Feel The Bass (Local Dub Remix),2026
Minimal / Deep Tech,"Iraqui ZL, Sonju",D Da Tira,Extended Mix,DRT Records,Beatport Minimal / Deep Tech Top 100 #2 (2026-10-04),https://www.youtube.com/watch?v=E5BY9vUMOdM,"[DRT031] Sonju, Iraqui ZL - D Da Tira",DRT,1:59,"#2 on Beatport Minimal / Deep Tech Top 100 (Oct 2026), DRT Records, Sept 2026. Brazilian funk MC Iraqui ZL over Sonju's deep-tech groove — a baile-funk-meets-minimal crossover that's flying up the chart.","Official DRT upload is a short preview (1:59; Beatport length 5:54). Unofficial full-length: https://www.youtube.com/watch?v=9vucHcmw0z8 (Deep-Tech Station, 5:51)",D Da Tira,2026
Minimal / Deep Tech,Rossi.,Misery,Original Mix,ROSSI.HOME//GRXWN.,Beatport Minimal / Deep Tech Top 100 #3 (2026-10-04),https://www.youtube.com/watch?v=A6aYvtqE-IQ,Misery,Rossi.,3:28,"#3 on Beatport Minimal / Deep Tech Top 100 (Oct 2026), on Rossi.'s own ROSSI.HOME//GRXWN. label. Rossi. is the current king of rubbery UK deep-tech; bouncy bass, punchy drums, vocal hook.","Official Rossi. upload is a short edit (3:28; Beatport length 4:39). Unofficial full-length: https://www.youtube.com/watch?v=HIC_UK68T_s (The House Call, 4:44)",Misery,2026
Minimal / Deep Tech,"Joe Vanditti, White Off",In My Head,Original Mix,Short Circuit,Beatport Minimal / Deep Tech Top 100 #4 (2026-10-04),https://www.youtube.com/watch?v=gnvtd3uQjI4,In My Head,Joe Vanditti - Topic,5:55,"#4 on Beatport Minimal / Deep Tech Top 100 (Oct 2026), Short Circuit, Sept 2026. Joe Vanditti & White Off — a fresh, nearly-six-minute rolling groover sitting high in the chart.",,In My Head,2026
Minimal / Deep Tech,Jamback,Positive,Extended Mix,CircoLoco Records,Beatport Minimal / Deep Tech Top 100 #5 (2026-10-04),https://www.youtube.com/watch?v=Fhg67yJGAFg,Jamback - Positive,CircoLoco Records,2:50,"#5 on Beatport Minimal / Deep Tech Top 100 (Oct 2026), CircoLoco Records 2025. Jamback's Positive — a DC10-approved bouncy groover that has stayed in the chart for nearly a year.","Official CircoLoco upload is a short edit (2:50). Unofficial extended mix: https://www.youtube.com/watch?v=COqeUEhmWwA (Groove Bassment, 6:02)",Positive (Extended Mix),2025
Minimal / Deep Tech,Jeff Sorkowitz,Feel The Same,Original Mix,Short Circuit,Beatport Minimal / Deep Tech Top 100 #6 (2026-10-04),https://www.youtube.com/watch?v=xaYih-CVS60,Feel The Same,Jeff Sorkowitz - Topic,5:28,"#6 on Beatport Minimal / Deep Tech Top 100 (Oct 2026), Short Circuit, Sept 2026. Jeff Sorkowitz is one of the most-charted deep-tech producers of 2026 (two tracks in the top 11).",,Feel The Same,2026
Minimal / Deep Tech,Josh Baker,Breaking Point,Original Mix,You&Me Records,Beatport Minimal / Deep Tech Top 100 #7 (2026-10-04),https://www.youtube.com/watch?v=NiQAuKXbj_E,Josh Baker - Breaking Point,You&Me,5:08,"#7 on Beatport Minimal / Deep Tech Top 100 (Oct 2026), You&Me Records, Aug 2026. Josh Baker (UK deep-tech's breakout star) — thick bass and skippy garage-influenced drums.",,Breaking Point EP,2026
Minimal / Deep Tech,Jeff Sorkowitz,Move Shake,Extended Mix,IN / ROTATION (Insomniac Records),Beatport Minimal / Deep Tech Top 100 #11 (2026-10-04),https://www.youtube.com/watch?v=ny06eHMTEuQ,Jeff Sorkowitz - Move Shake | IN / ROTATION,IN / ROTATION,2:59,"#11 on Beatport Minimal / Deep Tech Top 100 (Oct 2026), IN / ROTATION (Insomniac), July 2026. Jeff Sorkowitz's Move Shake — bouncy, swung and built for the dancefloor.","Official IN / ROTATION upload is a short edit (2:59). Unofficial extended mix: https://www.youtube.com/watch?v=2SbW1otJeXY (THE SEQUEL, 5:21)",Move Shake,2026
Minimal / Deep Tech,LondonGround,Breath,Original Mix,SIGHT RECORDS,Beatport Minimal / Deep Tech Top 100 #15 (2026-10-04),https://www.youtube.com/watch?v=tpvBhpRscss,Breath,LondonGround - Topic,5:34,"#15 on Beatport Minimal / Deep Tech Top 100 (Oct 2026), SIGHT Records, Oct 2025. LondonGround's Breath — tight, swung UK deep-tech that has held a chart place for nearly a year.",,Breath EP,2025
Minimal / Deep Tech,Julian Fijma,Get Stupid,Original Mix,tszr,Beatport Minimal / Deep Tech Top 100 #17 (2026-10-04),https://www.youtube.com/watch?v=slGskY2n4Fg,Julian Fijma - Get Stupid,SubSoul,5:36,"#17 on Beatport Minimal / Deep Tech Top 100 (Oct 2026), tszr, 2025. Julian Fijma's Get Stupid — a cheeky vocal hook over bouncing bass; a long-running crowd-pleaser.",No official upload found; this is an unofficial full-length upload (SubSoul). Short official-looking edits exist (~3:27).,Get Stupid,2025
Minimal / Deep Tech,Brunello,Illusions,Original Mix,Mellow Circus Records,Beatport Minimal / Deep Tech Top 100 #20 (2026-10-04),https://www.youtube.com/watch?v=A_M-v_qsIJI,Illusions,Brunello - Topic,6:52,"#20 on Beatport Minimal / Deep Tech Top 100 (Oct 2026), Mellow Circus Records, 2025. Brunello's Illusions — hypnotic, rolling and trippy; a perfect deeper peak.",,Illusions,2025
Minimal / Deep Tech,Franky Rizardo,Whatchagonnado,Original Mix,LTF Records,Beatport Minimal / Deep Tech Top 100 #26 (2026-10-04),https://www.youtube.com/watch?v=Iof_yjvvZd8,Whatchagonnado,Franky Rizardo - Topic,4:38,"#26 on Beatport Minimal / Deep Tech Top 100 (Oct 2026), LTF Records, 2023. Dutch house stalwart Franky Rizardo's Whatchagonnado — funky and groovy, still charting three years on.",,Whatchagonnado EP,2023
Minimal / Deep Tech,Robbie Doherty,Ah Ah Ah,Extended Mix,R.DOC,Beatport Minimal / Deep Tech Top 100 #27 (2026-10-04),https://www.youtube.com/watch?v=KZb0xYJXmQA,Robbie Doherty - Ah Ah Ah (Extended Mix),Groove Bassment,6:15,"#27 on Beatport Minimal / Deep Tech Top 100 (Oct 2026), R.DOC, July 2026. Robbie Doherty's Ah Ah Ah — playful, percussive deep-tech roller on his own imprint.",No official upload found; unofficial upload of the extended mix (Groove Bassment).,Ah Ah Ah (Extended Mix),2026
Minimal / Deep Tech,Joe Rolét,No Hesitating,Max Dean Remix,Hot Creations,Beatport Minimal / Deep Tech Top 100 #28 (2026-10-04),https://www.youtube.com/watch?v=LSgU1uE2074,Joe Rolét - No Hesitating (Max Dean Remix),Hot Creations,5:15,"#28 on Beatport Minimal / Deep Tech Top 100 (Oct 2026), Hot Creations 2026. Max Dean's remix of Joe Rolét — Jamie Jones' label, thick UK bassline groove.",,No Hesitating (Max Dean Remix),2026
Minimal / Deep Tech,"Capo Lee, Josh Baker",House With Acres,Original Mix,You&Me Records,Beatport Minimal / Deep Tech Top 100 #30 (2026-10-04),https://www.youtube.com/watch?v=z2P5iPfsgsI,Josh Baker feat. Capo Lee - House With Acres,You&Me,4:49,"#30 on Beatport Minimal / Deep Tech Top 100 (Oct 2026), You&Me Records 2026. Josh Baker with grime MC Capo Lee — UK attitude on a heavy deep-tech roller.",,Breaking Point EP,2026
Minimal / Deep Tech,"AYYBO, Discip",4 Ya Mind,Original Mix,Solid Grooves Records,Beatport Minimal / Deep Tech Top 100 #33 (2026-10-04),https://www.youtube.com/watch?v=Mb9TGjYK10k,4 Ya Mind,AYYBO - Topic,5:31,"#33 on Beatport Minimal / Deep Tech Top 100 (Oct 2026), Solid Grooves Records (Michael Bibi & PAWSA's label), 2025. AYYBO & Discip — tough, funky, vocal-sampled Solid Grooves roller.",,4 Ya Mind,2025
Minimal / Deep Tech,Dale Howard,Shut Down,Original Mix,Bamboleo,Beatport Minimal / Deep Tech Top 100 #34 (2026-10-04),https://www.youtube.com/watch?v=Y2ybocvK_zU,Shut Down,Dale Howard - Topic,3:27,"#34 on Beatport Minimal / Deep Tech Top 100 (Oct 2026), Bamboleo, Sept 2026. Dale Howard's Shut Down — bouncy, funky and loopy; a reliable groove-keeper.","Official Topic upload is a short edit (3:27). Unofficial full-length original mix: https://www.youtube.com/watch?v=kt5ROVSsiqo (PureHouseMusic 2024, 6:37)",Shut Down EP,2026
Minimal / Deep Tech,DumitrEscu,Secrets,Extended Mix,Solid Grooves Records,Beatport Minimal / Deep Tech Top 100 #35 (2026-10-04),https://www.youtube.com/watch?v=M1tdOt1l-Gc,Secrets (Extended Mix),DumitrEscu - Topic,6:31,"#35 on Beatport Minimal / Deep Tech Top 100 (Oct 2026), Solid Grooves Records, July 2026. DumitrEscu's Secrets — Romanian-style swing meets Solid Grooves punch.",,Secrets,2026
Minimal / Deep Tech,"Anabel Englund, Josh Baker",Your Star,Original Mix,You&Me Records,Beatport Minimal / Deep Tech Top 100 #37 (2026-10-04),https://www.youtube.com/watch?v=I47xTBx8770,Josh Baker feat. Anabel Englund - Your Star,You&Me,5:25,"#37 on Beatport Minimal / Deep Tech Top 100 (Oct 2026), You&Me Records 2026. Josh Baker with Anabel Englund (Hot Creations' signature voice) — soulful vocal over a heavy groove.",,Breaking Point EP,2026
Minimal / Deep Tech,Ryan Nicholls,Rush,Original Mix,Eastenderz,Beatport Minimal / Deep Tech Top 100 #38 (2026-10-04),https://www.youtube.com/watch?v=Il-Ri2Sgsn4,Rush,Ryan Nicholls - Topic,5:07,"#38 on Beatport Minimal / Deep Tech Top 100 (Oct 2026), Eastenderz (East End Dubs' label), June 2026. Ryan Nicholls' Rush — thick, swung and propulsive.",,Rush,2026
Minimal / Deep Tech,GENNARO,So Good,Heat Mix,Solid Grooves Records,Beatport Minimal / Deep Tech Top 100 #40 (2026-10-04),https://www.youtube.com/watch?v=AFCqzoxavbs,Blackchild - So Good (Heat Mix),Solid Grooves Records,4:00,"#40 on Beatport Minimal / Deep Tech Top 100 (Oct 2026), Solid Grooves Records 2024. GENNARO (formerly Blackchild, renamed 2026) — So Good was his hypnotic breakout single; this Heat Mix is still charting two years on.",Official Solid Grooves upload credits the artist as Blackchild (GENNARO's former alias) and is a short edit (4:00).,So Good (Heat Mix),2024
Minimal / Deep Tech,Wheats,Eternal,Original Mix,UNLISH,Beatport Minimal / Deep Tech Top 100 #41 (2026-10-04),https://www.youtube.com/watch?v=wbptNcwzOVo,Eternal,Wheats - Topic,5:54,"#41 on Beatport Minimal / Deep Tech Top 100 (Oct 2026), UNLISH, June 2026. Wheats' Eternal — tight rolling bass and skippy drums from one of the scene's most consistent producers.",,Eternal,2026
Minimal / Deep Tech,PAWSA,Roll Play,Extended Mix,PAWZ,Beatport Minimal / Deep Tech Top 100 #42 (2026-10-04),https://www.youtube.com/watch?v=bpW74TftcFg,Roll Play (Extended Mix),PAWSA - Topic,5:39,"#42 on Beatport Minimal / Deep Tech Top 100 (Oct 2026), PAWZ 2019. PAWSA's own label — Roll Play is still charting seven years later; bouncy, vocal and pure groove. One of Robin's core artists.",,Roll Play,2019
Minimal / Deep Tech,"Ranger Trucco, Nate Katz",Excuse Me?,Original Mix,range.,Beatport Minimal / Deep Tech Top 100 #44 (2026-10-04),https://www.youtube.com/watch?v=MtD1Vyxd2QI,"Ranger Trucco, Nate Katz - Excuse Me (Original Mix)",natural range.,5:43,"#44 on Beatport Minimal / Deep Tech Top 100 (Oct 2026), range., 2026. Ranger Trucco & Nate Katz's Excuse Me? — rubbery, bouncy deep-tech.",,Looney Tune EP,2026
Minimal / Deep Tech,"ALISHA, Julian Fijma",Shake Your Body,Original Mix,neXup recz,Beatport Minimal / Deep Tech Top 100 #45 (2026-10-04),https://www.youtube.com/watch?v=JxuNQPNaaYo,Shake Your Body,ALISHA - Topic,3:28,"#45 on Beatport Minimal / Deep Tech Top 100 (Oct 2026), neXup recz, 2025. ALISHA & Julian Fijma's Shake Your Body — the title is the instruction; funky, bouncy groover.","Official Topic upload is a short edit (3:28). Unofficial extended mix: https://www.youtube.com/watch?v=iGlpfyua-BI (THE SEQUEL, 6:23)",Shake Your Body,2025
Minimal / Deep Tech,Jamback,For The Ladies,Extended Mix,Solid Grooves Records,Beatport Minimal / Deep Tech Top 100 #47 (2026-10-04),https://www.youtube.com/watch?v=pqQH23u2SY0,For The Ladies (Extended Mix),Release - Topic,5:15,"#47 on Beatport Minimal / Deep Tech Top 100 (Oct 2026), Solid Grooves Records, June 2026. Jamback's For The Ladies — rubbery Solid Grooves bounce built for the peak.",,Ibiza Sampler 2026,2026
Minimal / Deep Tech,Local Dub,Poppin' In Tha Club,Original Mix,You&Me Records,Beatport Minimal / Deep Tech Top 100 #52 (2026-10-04),https://www.youtube.com/watch?v=5f8mSmNL_K4,Local Dub - Poppin' In Tha Club (You&Me),You&Me,5:12,"#52 on Beatport Minimal / Deep Tech Top 100 (Oct 2026), You&Me Records, Sept 2026. Local Dub's Poppin' In Tha Club — club-ready, heavy deep-tech roll.",,Poppin' In Tha Club,2026
Minimal / Deep Tech,"East End Dubs, Di Chiara Brothers",Face Bass,Original Mix,Eastenderz,Beatport Minimal / Deep Tech Top 100 #53 (2026-10-04),https://www.youtube.com/watch?v=bF2vVe9j2GE,Face Bass,East End Dubs - Topic,5:25,"#53 on Beatport Minimal / Deep Tech Top 100 (Oct 2026), Eastenderz 2026. East End Dubs & Di Chiara Brothers — the name says it: bass-face groove from the Eastenderz boss.",,Face Bass,2026
Minimal / Deep Tech,"East End Dubs, Wheats",Searching,Original Mix,Solid Grooves Records,Beatport Minimal / Deep Tech Top 100 #54 (2026-10-04),https://www.youtube.com/watch?v=VosCpz5XnBI,Searching,East End Dubs - Topic,6:47,"#54 on Beatport Minimal / Deep Tech Top 100 (Oct 2026), Solid Grooves Records 2024. East End Dubs & Wheats' Searching — a deep, hypnotic roller that has stayed in the chart for two years.",,Searching,2024
Minimal / Deep Tech,RUZE,The Rider,Original Mix,range.,Beatport Minimal / Deep Tech Top 100 #55 (2026-10-04),https://www.youtube.com/watch?v=A3mUMdeHMKI,Ruze - The Rider (Original Mix),natural range.,5:43,"#55 on Beatport Minimal / Deep Tech Top 100 (Oct 2026), range., 2024. RUZE's The Rider — driving, swung, rolling bass; a long-running chart groover.",,The Rider,2024
Minimal / Deep Tech,Dale Howard,Rezzy Groove,Original Mix,Bamboleo,Beatport Minimal / Deep Tech Top 100 #56 (2026-10-04),https://www.youtube.com/watch?v=IYkQUTB53Uc,Rezzy Groove,Dale Howard - Topic,3:29,"#56 on Beatport Minimal / Deep Tech Top 100 (Oct 2026), Bamboleo, Sept 2026. Dale Howard's Rezzy Groove — rave stabs meet funky deep-tech bounce.","Official Topic upload is a short edit (3:29; Beatport length 6:38). Unofficial full-length: https://www.youtube.com/watch?v=ETWJoxPFQgo (PureHouseMusic 2024, 6:39)",Shut Down EP,2026
Minimal / Deep Tech,Cameron Jack,The Beat,Jeff Sorkowitz Remix,La Zic,Beatport Minimal / Deep Tech Top 100 #58 (2026-10-04),https://www.youtube.com/watch?v=Tusm_VSfkqg,Cameron Jack -  The Beat (Jeff Sorkowitz Remix) [LAZIC027],La Zic,5:14,"#58 on Beatport Minimal / Deep Tech Top 100 (Oct 2026), La Zic 2026. Jeff Sorkowitz remixes Cameron Jack's The Beat — snappy, percussive groover.",,The Beat EP,2026
Minimal / Deep Tech,Damelo,Disco Cha Cha,Original Mix,Deeperfect,Beatport Minimal / Deep Tech Top 100 #62 (2026-10-04),https://www.youtube.com/watch?v=g72I_RvG714,Damelo - Disco Cha Cha (Original Mix),Deeperfect,5:58,"#62 on Beatport Minimal / Deep Tech Top 100 (Oct 2026), Deeperfect (Stefano Noferini's label), 2024. Damelo's Disco Cha Cha — disco-flavoured deep-tech that still charts two years on.",,Disco Cha Cha,2024
Minimal / Deep Tech,Jay de Lys,Im So Wavy,Original Mix,Deeperfect,Beatport Minimal / Deep Tech Top 100 #63 (2026-10-04),https://www.youtube.com/watch?v=RRxVZkNL5QA,Jay de Lys - Im So Wavy (Original Mix),Deeperfect,5:51,"#63 on Beatport Minimal / Deep Tech Top 100 (Oct 2026), Deeperfect, 2024. Jay de Lys' Im So Wavy — wavy vocal and rolling groove.",,Im So Wavy,2024
Minimal / Deep Tech,Kolter,What Did You Come For?,Original Mix,Koltrax,Beatport Minimal / Deep Tech Top 100 #66 (2026-10-04),https://www.youtube.com/watch?v=b3nQbOfldrw,What Did You Come For ?,Kolter - Topic,6:27,"#66 on Beatport Minimal / Deep Tech Top 100 (Oct 2026), Koltrax (Kolter's own label), Apr 2026. Kolter, one of deep-tech's groove masters, at his loopy, bouncy best.",,What Did You Come For ?,2026
Minimal / Deep Tech,Kolter,Authentic Computers 2.0,Original Mix,Koltrax,Beatport Minimal / Deep Tech Top 100 #67 (2026-10-04),https://www.youtube.com/watch?v=nrxvVXh-9eM,Authentic Computers 2.0,Kolter - Topic,6:17,"#67 on Beatport Minimal / Deep Tech Top 100 (Oct 2026), Koltrax, Apr 2026. Kolter's Authentic Computers 2.0 — a refreshed take on his own earlier Authentic Computers; swinging drums, hypnotic loop.",,What Did You Come For ?,2026
Minimal / Deep Tech,Fer BR,PlayBooyz,Original Mix,MUSE,Beatport Minimal / Deep Tech Top 100 #68 (2026-10-04),https://www.youtube.com/watch?v=WSY-HcI3FJk,PlayBooyz,FeR BR - Topic,6:35,"#68 on Beatport Minimal / Deep Tech Top 100 (Oct 2026), MUSE, 2024. Fer BR's PlayBooyz — Brazilian producer, tough rolling bass and playful vocals.",,MUSE: New Year's Eve Compilation,2024
Minimal / Deep Tech,Local Dub,Reaction,Original Mix,You&Me Records,Beatport Minimal / Deep Tech Top 100 #71 (2026-10-04),https://www.youtube.com/watch?v=6MIkOjMHmsU,Local Dub - Reaction (You&Me),You&Me,5:27,"#71 on Beatport Minimal / Deep Tech Top 100 (Oct 2026), You&Me Records, Sept 2026. Local Dub's Reaction — punchy bass-driven roller.",,Poppin' In Tha Club,2026
Minimal / Deep Tech,Ive Lovers,Mr. Sub Bass,Ozzie Guven Remix,range.,Beatport Minimal / Deep Tech Top 100 #75 (2026-10-04),https://www.youtube.com/watch?v=dUC8vHj0LAs,Ive Lovers - Mr. Sub Bass (Ozzie Guven Remix),natural range.,5:53,"#75 on Beatport Minimal / Deep Tech Top 100 (Oct 2026), range., 2025. Ozzie Guven's remix of Ive Lovers' Mr. Sub Bass — all about the sub-bass; heavy and hypnotic.",,Mr. Sub Bass EP,2025
Minimal / Deep Tech,J.K. Rollin,Lick It,Original Mix,SOUND SOUND,Beatport Minimal / Deep Tech Top 100 #76 (2026-10-04),https://www.youtube.com/watch?v=nV7e8ymixDQ,Lick It,J.K. Rollin - Topic,6:49,"#76 on Beatport Minimal / Deep Tech Top 100 (Oct 2026), SOUND SOUND, 2024. J.K. Rollin's Lick It — deep, rolling groove still charting two years on (Robbie Doherty also remixed it).",,Put Your Hands Up For Cologne,2024
Minimal / Deep Tech,Josh Baker,Something To Me,Original Mix,Three Six Zero,Beatport Minimal / Deep Tech Top 100 #77 (2026-10-04),https://www.youtube.com/watch?v=sck1y9k7lzE,Josh Baker - Something To Me,Three Six Zero Recordings,3:50,"#77 on Beatport Minimal / Deep Tech Top 100 (Oct 2026), Three Six Zero 2024. Josh Baker's Something To Me — heavy UK bass and swing; one of his breakout tracks.","Official Three Six Zero upload is a short edit (3:50). Unofficial full-length: https://www.youtube.com/watch?v=l-LNKsQnq_4 (blanc, 5:59)",Something To Me,2024
Minimal / Deep Tech,Eden Burns,House Non Stop,Original Mix,Public Possession,Beatport Minimal / Deep Tech Top 100 #78 (2026-10-04),https://www.youtube.com/watch?v=K_jK8szMZh8,House Non Stop,Eden Burns - Topic,6:22,"#78 on Beatport Minimal / Deep Tech Top 100 (Oct 2026), Public Possession, 2023. Eden Burns' House Non Stop — raw, jacking minimal groove; three years in the chart.",,Big Beat Manifesto Vol. VII,2023
Minimal / Deep Tech,Jansons,Messan,Original Mix,PIV,Beatport Minimal / Deep Tech Top 100 #79 (2026-10-04),https://www.youtube.com/watch?v=I0AgSBP-lmg,Jansons - Messan [PIV058],PIV Records,6:01,"#79 on Beatport Minimal / Deep Tech Top 100 (Oct 2026), PIV, 2023. Jansons' Messan — hypnotic, rolling Dutch deep-tech.",,Nite Life,2023
Minimal / Deep Tech,Robag Wruhme,Pentho,Original Mix,Cocoon Recordings,Beatport Minimal / Deep Tech Top 100 #82 (2026-10-04),https://www.youtube.com/watch?v=jAlPBGnEaOQ,Pentho Robag Wruhme Cocoon 2026,robag wruhme,5:45,"#82 on Beatport Minimal / Deep Tech Top 100 (Oct 2026), Cocoon Recordings (Sven Väth's label), Aug 2026. Robag Wruhme — German minimal legend; quirky, playful and danceable.",,Fumaxohn,2026
Minimal / Deep Tech,Jamback,Can't Resist,Original Mix,ROSSI.HOME//GRXWN.,Beatport Minimal / Deep Tech Top 100 #84 (2026-10-04),https://www.youtube.com/watch?v=KcDkevxgHeg,Can't Resist (Original Mix),Jamback - Topic,6:15,"#84 on Beatport Minimal / Deep Tech Top 100 (Oct 2026), ROSSI.HOME//GRXWN. (Rossi.'s label), 2025. Jamback's Can't Resist — bouncy and loopy; the title tells you what the floor does.",,Can't Resist,2025
Minimal / Deep Tech,Josh Baker,Misleading,Original Mix,tszr,Beatport Minimal / Deep Tech Top 100 #85 (2026-10-04),https://www.youtube.com/watch?v=t2HpyS7qh0g,Josh Baker - Misleading,Three Six Zero Recordings,3:08,"#85 on Beatport Minimal / Deep Tech Top 100 (Oct 2026), tszr 2024. Josh Baker's Misleading — garage-tinged swing with a heavy bassline.","Official Three Six Zero upload is a short edit (3:08; Beatport length 5:42). Unofficial full-length: https://www.youtube.com/watch?v=7x6BJu1dGZg (VeryHouseMusic, 5:41)",Misleading,2024
Minimal / Deep Tech,Crewcutz,Peekaboo,Original Mix,Solid Grooves Records,Beatport Minimal / Deep Tech Top 100 #91 (2026-10-04),https://www.youtube.com/watch?v=oLHTJW0BrSQ,Peekaboo,Crewcutz - Topic,5:27,"#91 on Beatport Minimal / Deep Tech Top 100 (Oct 2026), Solid Grooves Records 2025. Crewcutz's Peekaboo — bouncy, funky Solid Grooves bass.",,Peekaboo,2025
Minimal / Deep Tech,"Gruuve, Sohz",Deppar,Original Mix,Deeperfect,Beatport Minimal / Deep Tech Top 100 #92 (2026-10-04),https://www.youtube.com/watch?v=l6devsVG_zo,"Gruuve, Sohz - Deppar (Original Mix)",Deeperfect,6:08,"#92 on Beatport Minimal / Deep Tech Top 100 (Oct 2026), Deeperfect 2024. Gruuve & Sohz's Deppar — hypnotic, rolling deep-tech.",,Vibeyyy,2024
Minimal / Deep Tech,Archie Hamilton,Just Groove,Original Mix,We Are Pyramid,Beatport Minimal / Deep Tech Top 100 #93 (2026-10-04),https://www.youtube.com/watch?v=HLen5axxGW8,Just Groove,Archie Hamilton - Topic,3:25,"#93 on Beatport Minimal / Deep Tech Top 100 (Oct 2026), We Are Pyramid, released 2 Oct 2026. Archie Hamilton (Fuse resident) — the title is the brief: a pure groove tool.","Only a short Topic upload found (3:25; Beatport length 5:55); no full-length upload located yet (new release, 2026-10-02).",Just Groove EP,2026
Minimal / Deep Tech,Sambo,Early Hours (Get On The Dancefloor),Original Mix,HIGH CEILINGS,Beatport Minimal / Deep Tech Top 100 #94 (2026-10-04),https://www.youtube.com/watch?v=NCCwEDG5Juo,Sambo - Early Hours (Get On The Dancefloor) (Original Mix),HIGH CEILINGS,6:53,"#94 on Beatport Minimal / Deep Tech Top 100 (Oct 2026), HIGH CEILINGS, released 2 Oct 2026. Sambo's Early Hours (Get On The Dancefloor) — late-night vocal roller.",,Early Hours EP,2026
Minimal / Deep Tech,Michael Bibi,Lil Freaky,Original Mix,Solid Grooves Records,Curated,https://www.youtube.com/watch?v=sQtIdkrZFc0,Lil Freaky,Michael Bibi - Topic,5:47,"Curated: Michael Bibi (Solid Grooves co-founder), Solid Grooves Records 2025. Lil Freaky — tough, funky Bibi roller built for the peak.",,,2025
Minimal / Deep Tech,Michael Bibi,Front & Back Seat,Original Mix,ELOVATE,Curated,https://www.youtube.com/watch?v=J7rxnVQ7cc0,Michael Bibi - Front & Back Seat,Michael Bibi,2:52,"Curated: Michael Bibi, ELOVATE 2025. Front & Back Seat — a rubbery Bibi groover, among his recent highlights.","Official Michael Bibi upload is a short edit (2:52). Unofficial extended mix: https://www.youtube.com/watch?v=JGwYz7eQtMo (Stranger Network, 5:35)",,2025
Minimal / Deep Tech,Rossi.,Don't Touch That Dial,Original Mix,ROSSI.HOME//GRXWN.,Curated,https://www.youtube.com/watch?v=FLdfUfDA0Os,Rossi. - Don't Touch That Dial,SubSoul,5:24,"Curated: Rossi., ROSSI.HOME//GRXWN. 2025. Don't Touch That Dial — thick bassline and radio-themed hook; a Rossi. favourite.",No official upload found; unofficial full-length upload (SubSoul).,,2025
Minimal / Deep Tech,Rossi.,Freak In The Sheets,Original Mix,Yellow Dot.,Curated,https://www.youtube.com/watch?v=oXe6PU7G-Ds,Rossi. - Freak In The Sheets (Official Audio),Good Company Records,3:14,"Curated: Rossi., Yellow Dot. 2024 (per Beatport; the official audio is on Good Company Records' channel). Freak In The Sheets — bouncy bass, big Rossi. track.","Official audio (Good Company Records channel) is a short edit (3:14). Unofficial full-length: https://www.youtube.com/watch?v=QKUFAO9ARIQ (SubSoul, 5:13)",,2024
Minimal / Deep Tech,"Mystic Bill, Rossi.",U Won't See Me,Original Mix,Three Six Zero,Curated,https://www.youtube.com/watch?v=XgtUGM9ohGc,U Won't See Me,Release - Topic,3:07,"Curated: Rossi. & Chicago house veteran Mystic Bill, Three Six Zero 2023. U Won't See Me — Chicago spirit over a UK deep-tech roll.",Topic upload runs 3:07; no longer version found.,,2023
Minimal / Deep Tech,"Rich NxT, Shyam P",Other Side,Rossi. Remix,Fuse London,Curated,https://www.youtube.com/watch?v=sJHyijOuExE,Other Side (Rossi. Remix),Rich NXT - Topic,6:00,"Curated: Rossi. remixes Rich NxT & Shyam P's Other Side, Fuse London 2021 — two scene leaders on one deep, rolling record.",,,2021
Minimal / Deep Tech,Rich NxT,Roll On,Original Mix,Hot Creations,Curated,https://www.youtube.com/watch?v=SD7DCUKpmQ8,Rich NxT - Roll On,Hot Creations,7:18,"Curated: Rich NxT, Hot Creations 2021. Roll On — 7 minutes of rolling bass and hypnotic drums from the Fuse resident.",,,2021
Minimal / Deep Tech,Rich NxT,Serious,Original Mix,Fuse London,Curated,https://www.youtube.com/watch?v=fI8mJhCERrc,Rich NxT - Serious [FUSE 029],FUSE London,7:26,"Curated: Rich NxT, Fuse London 2018 (FUSE029). Serious — a defining Fuse-sound record: deep, swung, rolling.",,,2018
Minimal / Deep Tech,Seb Zito,10AM Fuse,Original Mix,Fuse London,Curated,https://www.youtube.com/watch?v=7dRRfyp9ppQ,Seb Zito - 10AM Fuse (FUSE039),FUSE London,7:04,"Curated: Seb Zito, Fuse London 2019 (FUSE039). 10AM Fuse — a nod to Fuse's legendary morning sessions; driving, rolling and euphoric.",,,2019
Minimal / Deep Tech,Seb Zito,I Like It,Original Mix,Seven Dials Records,Curated,https://www.youtube.com/watch?v=rRicJGdvwRI,Seb Zito - I Like It (Original Mix) [Seven Dials Records],Seven Dials Records,6:19,"Curated: Seb Zito, Seven Dials Records 2018. I Like It — classic London minimal groove from the Fuse resident.",,,2018
Minimal / Deep Tech,"Nima Gorji, Enzo Siragusa",Foreal,Seb Zito Remix,Fuse London,Curated,https://www.youtube.com/watch?v=jfYpw7nUqHA,Enzo Siragusa & Nima Gorji - Foreal (Seb Zito Remix) [FUSE031],FUSE London,7:05,"Curated: Seb Zito's remix of Enzo Siragusa & Nima Gorji's Foreal, Fuse London 2018 (FUSE031) — a Fuse classic; rolling bass and swing.",,,2018
Minimal / Deep Tech,"Enzo Siragusa, Kepler.",Synergy,Original Mix,Fuse London,Curated,https://www.youtube.com/watch?v=bXCoKfdcq2U,Enzo Siragusa & Kepler - Synergy (FUSEX004),FUSE London,6:21,"Curated: Enzo Siragusa (Fuse founder) & Kepler., Fuse London 2024. Synergy — modern Fuse sound: deep, rolling, hypnotic.",,,2024
Minimal / Deep Tech,Enzo Siragusa,Kilimanjaro Sound,Original Mix,Fuse London,Curated,https://www.youtube.com/watch?v=2ptMVYgXSh0,Enzo Siragusa - Kilimanjaro Sound (FUSE065),FUSE London,6:24,"Curated: Enzo Siragusa, Fuse London 2025 (FUSE065). Kilimanjaro Sound — broken, bass-heavy groove from the Fuse boss.",,,2025
Minimal / Deep Tech,Archie Hamilton,Mind Blank,Original Mix,Fuse London,Curated,https://www.youtube.com/watch?v=JB7ZSyWsQ_g,Archie Hamilton - Mind Blank - FUSE018 (Official),Archie Hamilton,8:46,"Curated: Archie Hamilton, Fuse London 2015 (FUSE018). Mind Blank — an early-Fuse classic: 8+ minutes of hypnotic minimal groove.",,,2015
Minimal / Deep Tech,"Archie Hamilton, Sidney Charles",Reset,Original Mix,Heavy House Society,Curated,https://www.youtube.com/watch?v=vHdlpdXmbyk,Reset,Sidney Charles - Topic,4:04,"Curated: Archie Hamilton & Sidney Charles, Heavy House Society 2025. Reset — a heavy, jacking deep-tech roller.","Official Topic upload is a short edit (4:04). Unofficial full-length original mix: https://www.youtube.com/watch?v=hrpi3gFfWCw (PureHouseMusic 2024, 6:03)",,2025
Minimal / Deep Tech,Kolter,Gangster Boogie,Original Mix,Koltrax,Curated,https://www.youtube.com/watch?v=NHCJ9QaJywo,Kolter - Gangster Boogie,Kolter,6:16,"Curated: Kolter, Koltrax 2025. Gangster Boogie — swaggering bass and loopy funk; a Kolter staple.",,,2025
Minimal / Deep Tech,Chris Stussy,Seeing & Believing,Kolter Extended Remix,PIV,Curated,https://www.youtube.com/watch?v=c0WfFPMnfRY,Seeing & Believing (Kolter Extended Remix),CHRIS STASSY - Topic,6:02,"Curated: Kolter's remix of Chris Stussy's Seeing & Believing, PIV 2020 — two scene leaders; deep, bouncy and timeless.",,,2020
Minimal / Deep Tech,"Sidney Charles, Kolter",Hip Flop Trip,Original Mix,Koltrax,Curated,https://www.youtube.com/watch?v=DfOV_2pq21o,Kolter & Sidney Charles - Hip Flop Trip (Extended),Kolter,5:29,"Curated: Sidney Charles & Kolter, Koltrax 2026. Hip Flop Trip — a quirky, bouncy groove tool.",,,2026
Minimal / Deep Tech,"S.A.M., Chris Stussy",Breather,Original Mix,Up The Stuss,Curated,https://www.youtube.com/watch?v=Mibq0Sa7VBw,Chris Stussy & S.A.M. - Breather (UTS04),CHRIS STASSY,7:46,"Curated: S.A.M. & Chris Stussy, Up The Stuss 2021 (UTS04). Breather — a modern deep-tech anthem from Stussy's label, still huge in Stussy sets.",,,2021
Minimal / Deep Tech,Chris Stussy,All Night Long,Original Mix,Up The Stuss,Curated,https://www.youtube.com/watch?v=W48lREzsXaI,Chris Stussy - All Night Long (UTSOFF01),CHRIS STASSY,7:07,"Curated: Chris Stussy, Up The Stuss 2023. All Night Long — 7 minutes of warm, rolling, hypnotic groove from the Dutch deep-tech leader.",,,2023
Minimal / Deep Tech,Chris Stussy,Blueprint,Original Mix,Fuse London,Curated,https://www.youtube.com/watch?v=AzoWKf7X2Wc,Chris Stussy - Blueprint (FUSE055),FUSE London,7:19,"Curated: Chris Stussy, Fuse London 2023 (FUSE055). Blueprint — the Stussy-meets-Fuse sound: deep, swung and rolling.",,,2023
Minimal / Deep Tech,Dennis Cruz,Bonito,Original Mix,Solid Grooves Records,Curated,https://www.youtube.com/watch?v=OgT6cJiEFRY,Bonito,Dennis Cruz - Topic,5:29,"Curated: Dennis Cruz, Solid Grooves Records 2024. Bonito — Latin flavour over a bouncy Solid Grooves groove.",,,2024
Minimal / Deep Tech,Dennis Cruz,Cookies,Original Mix,Lemon-aid Music,Curated,https://www.youtube.com/watch?v=3Q-Q1PA5vg4,Dennis Cruz - Cookies (Original Mix),Lemon-Aid Music,7:41,"Curated: Dennis Cruz, Lemon-aid Music 2017. Cookies — a long, rolling Spanish deep-tech favourite.",,,2017
Minimal / Deep Tech,East End Dubs,bRave,Original Mix,Fuse London,Curated,https://www.youtube.com/watch?v=BqyvsVOPUCs,East End Dubs - bRave (FUSE038),FUSE London,6:35,"Curated: East End Dubs, Fuse London 2019 (FUSE038). bRave — a rave-tinged deep-tech classic from the Eastenderz boss.",,,2019
Minimal / Deep Tech,East End Dubs,Goes Like This,Original Mix,East End Dubs,Curated,https://www.youtube.com/watch?v=iQNvbXenq0s,Goes Like This,East End Dubs - Topic,3:14,"Curated: East End Dubs, East End Dubs label 2023. Goes Like This — punchy, bouncy roller.",Topic upload runs 3:14; no longer version found.,,2023
Minimal / Deep Tech,Josh Baker,Subsonic,Original Mix,You&Me Records,Curated,https://www.youtube.com/watch?v=P_Ph9AXyRjs,Josh Baker - Subsonic,You&Me,6:15,"Curated: Josh Baker, You&Me Records 2025. Subsonic — sub-heavy UK deep-tech; built for big systems.",,,2025
Minimal / Deep Tech,Ricardo Villalobos,Easy Lee,Original Mix,Playhouse,Curated,https://www.youtube.com/watch?v=GUDS0GhDE2U,Easy Lee - Ricardo Villalobos,VibrationSoundList,10:09,"Curated minimal classic: Ricardo Villalobos — Easy Lee, from Alcachofa (Playhouse, 2003). A cornerstone of minimal: Villalobos' own voice over hypnotic swing; remixed again by Random Factor in 2025.",No official upload of the original found; unofficial full-length upload. Official alternative: Easy Lee (Random Factor Remix) on Ricardo Villalobos - Topic: https://www.youtube.com/watch?v=7YqxqFjiLKs (7:26),,2003
Minimal / Deep Tech,Ricardo Villalobos,Dexter,Original Mix,Sei Es Drum,Curated,https://www.youtube.com/watch?v=04BohQTuHRI,Dexter,Ricardo Villalobos - Topic,9:10,"Curated minimal classic: Ricardo Villalobos — Dexter (Sei Es Drum, SED008). 9 minutes of hypnotic, percussive minimal that's still a secret weapon.",,,
Minimal / Deep Tech,Audion,Mouth To Mouth,Original Mix,Spectral Sound,Curated,https://www.youtube.com/watch?v=x38G5O6dQBE,Audion - Mouth to Mouth,Ghostly International,12:55,"Curated minimal classic: Audion (Matthew Dear) — Mouth To Mouth, Spectral Sound 2006. A 13-minute minimal epic built on one hypnotic synth riff; championed across the scene, from Carl Cox down.",,,2006
Minimal / Deep Tech,Marco Carola,Play It Loud!,Original Mix,Minus,Curated,https://www.youtube.com/watch?v=3SdvDZS9MIQ,"Marco Carola - Play It Loud! (Play It Loud!, Minus, 2011)",Marco Carola,6:49,"Curated: Marco Carola, Minus 2011. Play It Loud! — the Music On boss's driving loop-groove classic on Richie Hawtin's label.",,,2011
Minimal / Deep Tech,Toman,Seguimos,Original Mix,HIGH CEILINGS,Curated,https://www.youtube.com/watch?v=8rZm-GPz5kQ,Toman - Seguimos (Original Mix),TOMAN,7:31,"Curated: Toman, HIGH CEILINGS 2025. Seguimos — Latin-tinged, rolling, swung deep-tech.",,,2025
Minimal / Deep Tech,Toman,De Bongo Man,Original Mix,Cecille,Curated,https://www.youtube.com/watch?v=ArXkoWUyzRo,De Bongo Man,Toman - Topic,6:31,"Curated: Toman, Cecille 2024. De Bongo Man — bongo-led percussive groover.",,,2024
Minimal / Deep Tech,Wheats,Let's Kick It,Original Mix,BOX RED,Curated,https://www.youtube.com/watch?v=P5OBp9bG0FY,LET'S KICK IT,Release - Topic,6:26,"Curated: Wheats, BOX RED 2022. Let's Kick It — tight, bouncy roller.",,,2022
Minimal / Deep Tech,Jamback,At The House,Original Mix,Eastenderz,Curated,https://www.youtube.com/watch?v=AmQVAFQMq68,At The House,Jamback - Topic,5:39,"Curated: Jamback, Eastenderz 2023. At The House — warm, rolling and bouncy; the Eastenderz sound.",,,2023
Minimal / Deep Tech,Silat Beksi,Rolling Shapes,Original Mix,Pleasure Zone,Curated,https://www.youtube.com/watch?v=Dl3TFGqU65s,Silat Beksi - Rolling Shapes,Silat Beksi Music,8:47,"Curated: Silat Beksi, Pleasure Zone 2020. Rolling Shapes — nearly 9 minutes of hypnotic, Ion Ludwig-style but danceable minimal.",,,2020
Minimal / Deep Tech,"Traumer, Anton, antraum",Shugi,Original Mix,Solid Grooves Raw,Curated,https://www.youtube.com/watch?v=Oj7MbyBYA5U,Antraum (Anton & Traumer) - Shugi,traumer,6:33,"Curated: antraum (Traumer & Anton), Solid Grooves Raw 2026. Shugi — French minimal swing meets Solid Grooves punch.",,,2026
Minimal / Deep Tech,Max Dean,Impressed,Original Mix,Solid Grooves Raw,Curated,https://www.youtube.com/watch?v=x4lBwOVDOJc,Impressed,Max Dean - Topic,6:25,"Curated: Max Dean, Solid Grooves Raw 2023. Impressed — heavy, bouncy UK deep-tech.",,,2023
Minimal / Deep Tech,Bassel Darwish,Point In Time,Original Mix,Solid Grooves Raw,Curated,https://www.youtube.com/watch?v=oEFfxh9SMe0,Point In Time,Bassel Darwish - Topic,5:33,"Curated: Bassel Darwish, Solid Grooves Raw 2023. Point In Time — hypnotic and rolling.",,,2023
Minimal / Deep Tech,Robbie Doherty,Beatbox,Original Mix,Solid Grooves Raw,Curated,https://www.youtube.com/watch?v=1GLb8MMdupE,Beatbox,Robbie Doherty - Topic,5:18,"Curated: Robbie Doherty, Solid Grooves Raw 2025. Beatbox — percussive, rolling groove on Solid Grooves' rawer sub-label.",,,2025
Minimal / Deep Tech,Ozzie Guven,Give Me The Music,Original Mix,Hottrax,Curated,https://www.youtube.com/watch?v=GcBGHApSV9U,Ozzie Guven - Give Me The Music,Hottrax,5:44,"Curated: Ozzie Guven, Hottrax 2025. Give Me The Music — bouncy UK deep-tech.",,,2025
Minimal / Deep Tech,Stef Davidse,P Power,Original Mix,Hottrax,Curated,https://www.youtube.com/watch?v=j-n0DgaKYl0,Stef Davidse - P Power,Hottrax,5:16,"Curated: Stef Davidse, Hottrax 2025. P Power — punchy, percussive groover.",,,2025
Minimal / Deep Tech,Mariche,I Like That,Original Mix,Locus,Curated,https://www.youtube.com/watch?v=bTAKs4ELJkg,Mariche - I Like That (LCS040),FUSE London,5:42,"Curated: Mariche, Locus 2025 (LCS040, uploaded by Fuse London). I Like That — deep, rolling and hypnotic.",,,2025
Minimal / Deep Tech,Janeret,Echoes,Original Mix,Rutilance Recordings,Curated,https://www.youtube.com/watch?v=dzIAyzQbYOU,Janeret - Echoes - Vol2 [Rutilance Recordings 2017],RutilanceRecordings,7:28,"Curated: Janeret, Rutilance Recordings. Echoes — deep, hypnotic Romanian-style minimal with an organic groove.",,,
Minimal / Deep Tech,Sweely,Gedup (And Move Your Butt),Original Mix,Limousine Dream,Curated,https://www.youtube.com/watch?v=lICSCDP8Yhw,Sweely - Gedup (And Move Your Butt) [TSOL LP2],Limousine Dream,5:42,"Curated: Sweely, Limousine Dream 2023. Gedup (And Move Your Butt) — funky French minimal; the title is the instruction.",,,2023
Minimal / Deep Tech,Mason Collective,My Love,Original Mix,Cuttin' Headz,Curated,https://www.youtube.com/watch?v=v2wLb6-cLU4,My Love (Radio Edit),Mason Collective - Topic,3:26,"Curated: Mason Collective, Cuttin' Headz (The Martinez Brothers' label) 2025. My Love — Latin-tinged, bouncy groover.","Official Topic upload is the radio edit (3:26). Unofficial full-length original: https://www.youtube.com/watch?v=2NGjc4838Yo (When We Dip premiere, 5:53)",,2025
Minimal / Deep Tech,Joe Rolét,Maximum Width,Rich NxT Remix,Infuse,Curated,https://www.youtube.com/watch?v=TCKh1bvKCnE,Joe Rolet - Maximum Width (Rich NxT Remix) (INFUSE041),FUSE London,6:34,"Curated: Rich NxT's remix of Joe Rolét's Maximum Width, Infuse 2020 (Fuse's sister label). Deep, swung and rolling.",,,2020
Minimal / Deep Tech,Dale Howard,Nasty 90's,Original Mix,MOXY MUZIK,Curated,https://www.youtube.com/watch?v=8GBU_I83JSY,Nasty 90's,Dale Howard - Topic,6:48,"Curated: Dale Howard, MOXY MUZIK 2024. Nasty 90's — 90s-rave-influenced roller.",,,2024
Minimal / Deep Tech,Fer BR,Mousy,Original Mix,Rawthentic,Curated,https://www.youtube.com/watch?v=S3NPtD37SLg,Mousy,FeR BR - Topic,5:59,"Curated: Fer BR, Rawthentic 2025. Mousy — a tight, bouncy roller from the Brazilian producer.",,,2025
Minimal / Deep Tech,Michael Bibi,La Murga,Michael's Midnight Mix,Solid Grooves Records,Curated,https://www.youtube.com/watch?v=C1uVF7mxJQg,La Murga (Michael's Midnight Mix),Michael Bibi - Topic,4:41,"Curated: Michael Bibi, Solid Grooves Records 2022. La Murga (Michael's Midnight Mix) — Bibi's deeper, late-night version; hypnotic, rolling and funky.",,,2022
Minimal / Deep Tech,Laidlaw,Flip Flop,Original Mix,Solid Grooves Raw,Curated,https://www.youtube.com/watch?v=Dyqo7ATgnRg,Flip Flop,Laidlaw - Topic,6:22,"Curated: Laidlaw, Solid Grooves Raw 2025. Flip Flop — a bouncy, rolling groove tool from Solid Grooves' rawer sub-label (one of its top-selling releases on Beatport).",,,2025
