genre,artist,title,mix,label,chart_source,why,youtube_url,yt_title,yt_channel,duration,notes,release,year
House,"Nina Simone, Mochakk",See-Line Woman,Mochakk Mix,Verve,"Favourite artist: Mochakk remix (Verve, 15 May 2026)","Mochakk reworks Nina Simone's 1964 'See-Line Woman' for Verve: her hypnotic, chanted vocal over his swinging Brazilian groove at 128 BPM. Soulful, percussive and a sure crowd-pleaser in a Mochakk-style set.",https://www.youtube.com/watch?v=ejoZp1rHlCA,See-Line Woman (Mochakk Mix),Nina Simone - Topic,4:48,Official Nina Simone Topic upload of the full mix; 4:48 matches Beatport. A 4:19 'Mix / Edit' also exists (https://www.youtube.com/watch?v=0rk7Nwvdoeg); this is the longer one.,See-Line Woman (Mochakk Mix),2026
Tech House,"Major Lazer, Diplo, America Foster, Skillibeng, Beam",RoTATe,Patrick Topping Remix,Mad Decent,"Favourite artist: Patrick Topping remix (Mad Decent, 11 Sep 2026)","Patrick Topping turns Major Lazer's dancehall single (vocals from Skillibeng, America Foster and Beam) into a 132 BPM tech house banger, keeping the vocal hooks over his bouncy bass. A playful left-field peak-time moment.",https://www.youtube.com/watch?v=mn2psn-_ODI,"Major Lazer & Diplo - RoTATe wiTh aMeRiCa FOsTeR, sKiLLiBeNg aNd bEAM (Patrick Topping Remix)",Major Lazer Official,4:55,"Official Major Lazer upload; 4:55 matches Beatport (4:55). The full title is 'RoTATe wiTh aMeRiCa FOsTeR, sKiLLiBeNg aNd bEAM'.",RoTATe (Patrick Topping Remix),2026
Tech House,Patrick Topping,Pop That,Extended Mix,Hellbent Records,"Favourite artist: Patrick Topping single (Hellbent, 6 Mar 2026)","Patrick Topping on Cloonee's Hellbent label: a tight, punchy 128 BPM party tool built around a 'pop that' vocal hook. Short and to the point, so it's easy to slot in when the floor needs a jolt.",https://www.youtube.com/watch?v=ruo-BsTxhnQ,Patrick Topping - Pop That (Extended Mix) [HELLBENT RECORDS],PureHouseMusic 2024,4:24,Topping's official upload is a 3:50 edit (https://www.youtube.com/watch?v=a0YDpcV2z0s); this PureHouseMusic repost is the full 4:24 extended (Beatport 4:24).,Pop That / Boom Shakalak,2026
Tech House,Patrick Topping,Boom Shakalak,Extended Mix,Hellbent Records,"Favourite artist: Patrick Topping single (Hellbent, 6 Mar 2026)",The other side of Topping's Hellbent single: a 128 BPM A major groover with a cheeky 'boom shakalak' hook. Mix it straight out of Pop That for a back-to-back Topping moment.,https://www.youtube.com/watch?v=NyDAeUsvuE4,Patrick Topping - Boom Shakalak (Extended Mix) [HELLBENT RECORDS],PureHouseMusic 2024,4:28,Topping's official upload is a 3:13 edit (https://www.youtube.com/watch?v=4md6bFp6j54); this PureHouseMusic repost is the full 4:28 extended (Beatport 4:28).,Pop That / Boom Shakalak,2026
House,Hot Since 82,Behind Me,Original Mix,PIV,"Favourite artist: Hot Since 82 single (PIV, 3 Apr 2026)","Hot Since 82 on Prunk's PIV label (they played b2b at Awakenings 2025): a long, hypnotic 7:18 groover at 128 BPM in E minor. A deep, rolling DJ tool, very much his Knee Deep In Sound sound.",https://www.youtube.com/watch?v=Cis1LbqR2vI,Behind Me,Hot Since 82 - Topic,7:18,Official Hot Since 82 Topic upload; 7:18 matches Beatport (7:18). The 3:16 Topic version (https://www.youtube.com/watch?v=i5ibnC86-J8) is the radio edit.,Behind Me,2026
House,"2 Eivissa, Hot Since 82",Oh La La La,Extended Mix,LTF Records,"Favourite artist: Hot Since 82 collaboration (LTF Records, 17 Apr 2026)","Hot Since 82 brings back 2 Eivissa's 1997 Ibiza anthem 'Oh La La La' for Franky Rizardo's LTF Records: the sing-along hook over a driving 131 BPM groove. Fun, nostalgic and a guaranteed peak-time singalong.",https://www.youtube.com/watch?v=fE5W_N_DfGc,"Hot Since 82, 2 Elvissa Oh La La La (Extended Mix) [House]",Broken Record ,7:06,Hot Since 82's official upload is a 2:49 edit (https://www.youtube.com/watch?v=4kb26JbHk9k); this Broken Record repost is the full 7:06 extended (Beatport 7:06). The channel title misspells it '2 Elvissa'.,Oh La La La,2026
House,"Hot Since 82, Avision",In The Air,Original Mix,Knee Deep In Sound,Favourite artist and label: Hot Since 82 on his own Knee Deep In Sound (27 Feb 2026),"Hot Since 82 teams up with Avision on his own Knee Deep In Sound: an uplifting, 128 BPM D major house groove. Brighter and more melodic than Behind Me, so it works for the sunrise moment.",https://www.youtube.com/watch?v=9eRiUhl-qEY,"Hot Since 82, Avision - In The Air (Extended Mix)",Runnin' Music,5:25,Hot Since 82's official upload is a 2:47 edit (https://www.youtube.com/watch?v=E6awGv9KTwE); this Runnin' Music repost is the full 5:25 (Beatport 5:24).,In The Air,2026
Tech House,Shaded (LA),Gold Digger,Original Mix,Trick,"Favourite label: Trick (Patrick Topping), released 10 Jul 2026","The flip side of Shaded's 'No Brakes All Cake' on Patrick Topping's Trick (you got the A-side yesterday). A swaggering, 127 BPM G major groove with a playful vocal hook. Short and tight.",https://www.youtube.com/watch?v=1C_sOSOx_JE,SHADED - Gold Digger,Trick Label,4:48,Official Trick Label upload; 4:48 matches Beatport (4:47). The 3:33 Topic version is an edit.,No Brakes All Cake,2026
Tech House,Volkoder,My House,Original Mix,Hot Creations,"Favourite label: Hot Creations, released 12 Jun 2026","Volkoder on Jamie Jones' Hot Creations: a chunky, 128 BPM 'my house' vocal-sample groover. Same producer as 'Other Dimension' with Anyma, at #20 in Melodic House & Techno right now, but this is pure tech house.",https://www.youtube.com/watch?v=XXxsl14do3M,Volkoder - My House,Hot Creations,5:51,Official Hot Creations upload; 5:51 is the full length (Beatport 5:45).,My House,2026
Tech House,Riordan,Feel The Funk,Original Mix,Hot Creations,"Favourite label: Hot Creations, released 15 May 2026","Riordan's 'The Funk EP' on Hot Creations: a 133 BPM, bassline-flavoured funky roller (Beatport files it under UK Garage / Bassline). A faster, bouncy one for the peak.",https://www.youtube.com/watch?v=cVQoQf2xziY,Riordan - Feel The Funk,Hot Creations,5:39,Official Hot Creations upload; 5:39 is the full length (Beatport 5:33).,The Funk EP,2026
House,Richy Ahmed,So Special,Original Mix,Solid Grooves Records,"Favourite label: Solid Grooves (Michael Bibi and PAWSA's crew), released 10 Apr 2026","Richy Ahmed, a long-time Jamie Jones / Hot Creations associate, on Solid Grooves: a 128 BPM Eb minor groove with a 'so special' vocal hook. Classic Solid Grooves swing for the middle of a set.",https://www.youtube.com/watch?v=GNenxTb6ywE,Richy Ahmed - So Special,Solid Grooves Records,5:01,Official Solid Grooves upload; 5:01 matches Beatport (5:00).,So Special,2026
Deep House,"GENNARO, Morena Prudente",Talamanca's Flute,Extended Mix,Solid Grooves Records,Favourite label: Solid Grooves 'Ibiza Sampler 2026' (3 Jun 2026),"From Solid Grooves' Ibiza Sampler 2026: a 7:50, 127 BPM groove named after Talamanca beach, with a flute line and Morena Prudente's vocal. Sunny, quirky Balearic swing: a 'special' one in the Stand Still spirit.",https://www.youtube.com/watch?v=4Y72Dpm7O-c,GENNARO - Talamanca's Flute ft. Morena Prudente,Solid Grooves Records,7:51,Official Solid Grooves upload; 7:51 matches Beatport (7:50).,Ibiza Sampler 2026,2026
House,Dennis Quin,Bootycall,Original Mix,Solid Grooves Records,"Favourite label: Solid Grooves, released 13 Feb 2026","Dennis Quin on Solid Grooves: a cheeky, 131 BPM G minor groove with a 'booty call' vocal hook. His new 'It's Time' is at #18 in the Beatport House Top 100 right now, so he's on a roll.",https://www.youtube.com/watch?v=tvoaUFYmx9E,Bootycall,Dennis Quin - Topic,5:02,Solid Grooves' official upload is a 3:23 edit (https://www.youtube.com/watch?v=tAaRQ2SCI4s); this Topic upload is the full 5:02 (Beatport 5:02).,Bootycall,2026
Tech House,Matt Hibbert,Las Chicas,Original Mix,Trick,"Favourite label: Trick (Patrick Topping), released 29 May 2026","Matt Hibbert on Patrick Topping's Trick: a 6:00, 128 BPM D minor Latin-flavoured roller with a 'las chicas' vocal hook. Long enough to blend slowly, percussive and very danceable.",https://www.youtube.com/watch?v=Ugl6d3aCdYM,Las Chicas (Extended),Matt Hibbert - Topic,6:00,Trick's official upload is a 2:48 edit (https://www.youtube.com/watch?v=7F6lvczbKac); this Topic upload is the full 6:00 (Beatport 6:00).,Las Chicas,2026
Tech House,LOTTEN,Ladies & Fellas,Original Mix,COPPADOS,Beatport Tech House Hype #9 and Tech House Top 100 #41,"On both tech house charts: #9 in the Hype 100 and #41 in the Top 100. A 128 BPM Bb major vocal-sample groover with a 'ladies and fellas' MC hook, in the vocal-sample tech house style you love.",https://www.youtube.com/watch?v=M5lsmhkG89s,LOTTEN - Ladies & Fellas (Original Mix) [COPPADOS],PureHouseMusic 2024,5:15,COPPADOS' official upload is a 4:04 edit (https://www.youtube.com/watch?v=PiTndSzA19M); this PureHouseMusic repost is the full 5:15 (Beatport 5:15).,Ladies & Fellas EP,2026
Tech House,Fer BR,Do You Know?,Extended Mix,Unjust,Beatport Tech House Hype #20 (released 25 Sep 2026),"#20 in the Tech House Hype 100: the Brazilian producer's 128 BPM Ab major groover on Unjust, built on a funky bassline. Fresh (two weeks old) and very danceable.",https://www.youtube.com/watch?v=1JKqBrp1yMA,Do You Know? (Extended Mix),Release - Topic,5:30,Official Topic upload of the extended mix; 5:30 matches Beatport (5:30). A 3:18 edit also exists on the same channel.,Do You Know?,2026
Deep House,Franky Rizardo,Marido Dansa,Extended Mix,LTF Records,Beatport Deep House Top 100 #1 (released 2 Oct 2026),"Straight in at #1 in Beatport's Deep House Top 100 in its first week: Franky Rizardo's 130 BPM A minor groover on his own LTF Records (the same label as Hot Since 82's Oh La La La, also on today's list).",https://www.youtube.com/watch?v=6Wr-0cuOA9M,Franky Rizardo - Marido Dansa (Extended Mix),PureHouseMusic 2024,4:41,The official Altra Moda Music upload is a 2:34 edit (https://www.youtube.com/watch?v=C9NjGV5bJPI); this PureHouseMusic repost is the full 4:41 extended (Beatport 4:40).,Marido Dansa EP,2026
House,Tiger Stripes,Slow,Original Mix,Rekids,Beatport House Top 100 #42 (released 2 Oct 2026),"#42 in House, from Tiger Stripes' new 'A Tiger Never Loses Its Stripes (Part 1)' on Radio Slave's Rekids. A hypnotic, 127 BPM E minor groove: a slightly darker, minimal-leaning house tool.",https://www.youtube.com/watch?v=4TWZ8mR3HDU,Tiger Stripes - Slow [REKIDS299],rekids,5:14,Official Rekids upload (REKIDS299); 5:14 matches Beatport (5:13).,A Tiger Never Loses Its Stripes (Part 1),2026
Techno,Nico Banfi,Dirty Bass,Original Mix,KOSMOS,Beatport Techno (Peak Time / Driving) Top 100 #13,"#13 in Peak Time / Driving Techno: a 132 BPM Db major cut with a dirty, rolling bassline. Groovy enough to bridge from tech house into techno.",https://www.youtube.com/watch?v=baJXQWjLLMY,Nico Banfi - Dirty Bass (Original Mix),Kosmos Records,5:22,Official Kosmos Records upload; 5:22 matches Beatport (5:21).,Dirty Bass,2026
Melodic House & Techno,Orsay,Let You Go,Extended Mix,X Recordings,Beatport Melodic House & Techno Top 100 #24 (released 2 Oct 2026),"#24 in Melodic House & Techno on Adriatique's X Recordings: an emotional, 126 BPM Eb minor vocal cut. One for warm-ups or the late-night melodic moment.",https://www.youtube.com/watch?v=3YiPApdxrcs,Let You Go (Extended Mix),Orsay - Topic,5:17,Official Topic upload of the extended mix; 5:17 matches Beatport (5:17). X Recordings' own upload (https://www.youtube.com/watch?v=OJPFtv7wJU4) is a 3:10 edit.,Let You Go,2026
Afro House,Bun Xapa,Bun Is Bun!,Extended Mix,My Other Side of the Moon,Beatport Afro House Top 100 #4 (released 25 Sep 2026),"#4 in Afro House: a 120 BPM D major, percussion-heavy groove with a wonderfully odd title. Quirky and hypnotic, it suits your 'strange and special' taste and makes a nice change of colour.",https://www.youtube.com/watch?v=SX5yGdK0U6U,Bun Is Bun! (Extended Mix),Bun Xapa - Topic,5:52,Official Topic upload; 5:52 matches Beatport (5:52).,Bun Is Bun!,2026
Nu Disco / Disco,"Sem Jacobs, Esra Nuray",I Don't Mind,Extended Mix,FUNKiMAN,Beatport Nu Disco / Disco Top 100 #7,"A long-runner at #7 in Nu Disco / Disco: Sem Jacobs' 130 BPM disco-house track with Esra Nuray's vocal. Upbeat and full of filtered disco energy, perfect for your disco dancing moments.",https://www.youtube.com/watch?v=GOl85TeojeA,I Don't Mind (Extended Mix),Sem Jacobs - Topic,6:26,Official Topic upload of the extended mix; 6:26 matches Beatport (6:25).,I Don't Mind,2025
Nu Disco / Disco,"Makèz, LYMA",Come Back Tomorrow,Extended Mix,Defected,Beatport Nu Disco / Disco Top 100 #46 (Jun 2026 release),"Defected's summer disco cut at #46 in Nu Disco / Disco: a 126 BPM soulful vocal groove from Makèz and LYMA. Feel-good, warm and made for dancing.",https://www.youtube.com/watch?v=ItDjR4Knub0,Makèz & LYMA - Come Back Tomorrow (Extended Mix),Defected Records,5:36,Official Defected upload; 5:36 matches Beatport (5:35). The Topic version (3:23) is an edit.,Come Back Tomorrow,2026
Nu Disco / Disco,Block & Crown,Good Times In Da Club,Original Mix,Booth Busters,Beatport Nu Disco / Disco Top 100 #55 (released 28 Aug 2026),"A new one from disco-house specialist Block & Crown at #55 in Nu Disco / Disco: a 120 BPM A major, filtered-disco party groove. Easy, happy dancing.",https://www.youtube.com/watch?v=_u8HQX_fNPE,Good Times in da Club,Block & Crown - Topic,4:52,Official Topic upload; 4:52 matches Beatport (4:52).,Good Times In Da Club,2026
Nu Disco / Disco,Ministry Of Funk,Give Me The Night,Deep Soul Mix,Muzik X Press,Beatport Nu Disco / Disco Top 100 #54 (released 29 Aug 2026),"A slow, 116 BPM F minor 'Deep Soul Mix' of 'Give Me The Night' (the George Benson disco-funk classic title) at #54 in Nu Disco / Disco. Smooth and soulful: a warm-up or after-hours groove.",https://www.youtube.com/watch?v=S4dKOogV7Ng,Give Me The Night (Deep Soul Mix),Ministry Of Funk - Topic,5:19,Official Topic upload; 5:19 matches Beatport (5:18).,Ministry Of Funk Best Volume I,2026
